averyenovelties_arc.xml,
averyenovelties_arc_000.xml,110178044.tif
averyenovelties_arc_001.xml,110178045.tif
averyenovelties_arc_002.xml,110178046.tif
averyenovelties_arc_003.xml,110178047.tif
averyenovelties_are.xml,
averyenovelties_are_000.xml,110178063.tif
averyenovelties_are_001.xml,110178064.tif
averyenovelties_are_002.xml,110178065.tif
averyenovelties_are_003.xml,110178066.tif
averyenovelties_bda.xml,
averyenovelties_bda_000.xml,110178048.tif
averyenovelties_bda_001.xml,110178049.tif
averyenovelties_bda_002.xml,110178050.tif
averyenovelties_bda_003.xml,110178051.tif
averyenovelties_bny.xml,
averyenovelties_bny_000.xml,110178029.tif
averyenovelties_bny_001.xml,110178030.tif
averyenovelties_dps.xml,
averyenovelties_dps_000.xml,110178019.tif
averyenovelties_dps_001.xml,110178020.tif
averyenovelties_dps_002.xml,110178021.tif
averyenovelties_dps_003.xml,110178022.tif
averyenovelties_fer.xml,
averyenovelties_fer_000.xml,110178041.tif
averyenovelties_fer_001.xml,110178042.tif
averyenovelties_fer_002.xml,110178043.tif
averyenovelties_ikf.xml,
averyenovelties_ikf_000.xml,110178038.tif
averyenovelties_ikf_001.xml,110178039.tif
averyenovelties_ikf_002.xml,110178040.tif
averyenovelties_ltv.xml,
averyenovelties_ltv_000.xml,110178052.tif
averyenovelties_ltv_001.xml,110178053.tif
averyenovelties_ltv_002.xml,110178054.tif
averyenovelties_ltv_003.xml,110178055.tif
averyenovelties_ltv_004.xml,110178056.tif
averyenovelties_mtn.xml,
averyenovelties_mtn_000.xml,110178016.tif
averyenovelties_mtn_001.xml,110178017.tif
averyenovelties_mtn_002.xml,110178018.tif
averyenovelties_mvs.xml,
averyenovelties_mvs_000.xml,110178001.tif
averyenovelties_mvs_001.xml,110178002.tif
averyenovelties_mvs_002.xml,110178003.tif
averyenovelties_mvs_003.xml,110178004.tif
averyenovelties_par.xml,
averyenovelties_par_000.xml,110178060.tif
averyenovelties_par_001.xml,110178061.tif
averyenovelties_par_002.xml,110178062.tif
averyenovelties_pla.xml,
averyenovelties_pla_000.xml,110178034.tif
averyenovelties_pla_001.xml,110178035.tif
averyenovelties_pla_002.xml,110178036.tif
averyenovelties_pla_003.xml,110178037.tif
averyenovelties_saf.xml,
averyenovelties_saf_000.xml,110178013.tif
averyenovelties_saf_001.xml,110178014.tif
averyenovelties_saf_002.xml,110178015.tif
averyenovelties_sle.xml,
averyenovelties_sle_000.xml,110178031.tif
averyenovelties_sle_001.xml,110178032.tif
averyenovelties_sle_002.xml,110178033.tif
averyenovelties_sny.xml,
averyenovelties_sny_000.xml,110178008.tif
averyenovelties_sny_001.xml,110178009.tif
averyenovelties_sny_002.xml,110178010.tif
averyenovelties_sta.xml,
averyenovelties_sta_000.xml,110178011.tif
averyenovelties_sta_001.xml,110178012.tif
averyenovelties_sta_002.xml,AA9200B4Stl63_00.tif
averyenovelties_sta_003.xml,AA9200B4Stl63_01.tif
averyenovelties_sta_004.xml,AA9200B4Stl63_02.tif
averyenovelties_sta_005.xml,AA9200B4Stl63_03.tif
averyenovelties_sta_006.xml,AA9200B4Stl63_04.tif
averyenovelties_sta_007.xml,AA9200B4Stl63_05.tif
averyenovelties_sta_008.xml,AA9200B4Stl63_06.tif
averyenovelties_sta_009.xml,AA9200B4Stl63_07.tif
averyenovelties_sta_010.xml,AA9200B4Stl63_08.tif
averyenovelties_sta_011.xml,AA9200B4Stl63_09.tif
averyenovelties_swp.xml,
averyenovelties_swp_000.xml,110178026.tif
averyenovelties_swp_001.xml,110178027.tif
averyenovelties_swp_002.xml,110178028.tif
averyenovelties_vie.xml,
averyenovelties_vie_000.xml,110178023.tif
averyenovelties_vie_001.xml,110178024.tif
averyenovelties_vie_002.xml,110178025.tif
averyenovelties_vps.xml,
averyenovelties_vps_000.xml,110178057.tif
averyenovelties_vps_001.xml,110178058.tif
averyenovelties_vps_002.xml,110178059.tif
averyenovelties_wdc.xml,
averyenovelties_wdc_000.xml,110178005.tif
averyenovelties_wdc_001.xml,110178006.tif
averyenovelties_wdc_002.xml,110178007.tif